"zbs_residencia_cd"|"ccaa_cd"|"codatzbs"|"n_zbs"
"4904"|"ES24"|"20904"|"CALACEITE"
"5407"|"ES24"|"20407"|"ARRABAL"
"1215"|"ES24"|"20215"|"MONZON RURAL"
"2520"|"ES24"|"20520"|"ROMAREDA - SEMINARIO"
"1113"|"ES24"|"20113"|"SARIÑENA"
"1205"|"ES24"|"20205"|"BENABARRE"
"4810"|"ES24"|"20810"|"MOSQUERUELA"
"1108"|"ES24"|"20108"|"HUESCA CAPITAL Nº 2 (SANTO GRIAL)"
"3613"|"ES24"|"20623"|"DELICIAS NORTE"
"2511"|"ES24"|"20511"|"TORRERO LA PAZ"
"3603"|"ES24"|"20613"|"BORJA"
"4903"|"ES24"|"20903"|"ANDORRA"
"5406"|"ES24"|"20406"|"ACTUR SUR"
"4804"|"ES24"|"20804"|"BAGUENA"
"4905"|"ES24"|"20905"|"CALANDA"
"4909"|"ES24"|"20909"|"HIJAR"
"2513"|"ES24"|"20513"|"SAGASTA-RUISEÑORES"
"3602"|"ES24"|"20612"|"LA ALMUNIA DE DOÑA GODINA"
"1111"|"ES24"|"20111"|"BERDUN"
"3703"|"ES24"|"20703"|"ATECA"
"3612"|"ES24"|"20622"|"DELICIAS SUR"
"5405"|"ES24"|"20405"|"ZUERA"
"3707"|"ES24"|"20707"|"MORATA DE JALON"
"2523"|"ES24"|"20523"|"FERNANDO EL CATOLICO"
"2524"|"ES24"|"20524"|"VALDESPARTERA-MONTECANAL"
"2519"|"ES24"|"20519"|"SAN JOSE SUR"
"4812"|"ES24"|"20812"|"SARRION"
"3611"|"ES24"|"20621"|"MARIA DE HUERVA"
"3303"|"ES24"|"20603"|"SOS DEL REY CATOLICO"
"3702"|"ES24"|"20702"|"ARIZA"
"5413"|"ES24"|"20413"|"ACTUR OESTE"
"2510"|"ES24"|"20510"|"SAN PABLO"
"2522"|"ES24"|"20522"|"HERNAN CORTES"
"4815"|"ES24"|"20815"|"VILLEL"
"1206"|"ES24"|"20206"|"BERBEGAL"
"4816"|"ES24"|"20817"|"TERUEL ENSANCHE"
"4911"|"ES24"|"20911"|"MUNIESA"
"3601"|"ES24"|"20611"|"ALAGON"
"1211"|"ES24"|"20211"|"LAFORTUNADA"
"5411"|"ES24"|"20254"|"MEQUINENZA"
"1210"|"ES24"|"20210"|"GRAUS"
"1207"|"ES24"|"20207"|"BINEFAR"
"1103"|"ES24"|"20103"|"BIESCAS-VALLE DE TENA"
"4912"|"ES24"|"20912"|"VALDERROBRES"
"1102"|"ES24"|"20102"|"AYERBE"
"5403"|"ES24"|"20403"|"LUNA"
"3615"|"ES24"|"20625"|"UNIVERSITAS"
"2508"|"ES24"|"20508"|"MADRE VEDRUNA-MIRAFLORES"
"4901"|"ES24"|"20901"|"ALCAÑIZ"
"3302"|"ES24"|"20602"|"SADABA"
"2515"|"ES24"|"20515"|"LAS FUENTES NORTE"
"3704"|"ES24"|"20704"|"CALATAYUD RURAL"
"3606"|"ES24"|"20616"|"GALLUR"
"3711"|"ES24"|"20711"|"SABIÑAN"
"2507"|"ES24"|"20507"|"INDEPENDENCIA"
"3609"|"ES24"|"20619"|"CARIÑENA"
"2504"|"ES24"|"20504"|"SASTAGO"
"2517"|"ES24"|"20517"|"SAN JOSE NORTE"
"2505"|"ES24"|"20505"|"REBOLERIA"
"3618"|"ES24"|"20628"|"MIRALBUENO-GARRAPINILLOS"
"1101"|"ES24"|"20101"|"ALMUDEVAR"
"3710"|"ES24"|"20710"|"CALATAYUD URBANA"
"5414"|"ES24"|"20414"|"PARQUE GOYA"
"4806"|"ES24"|"20806"|"CEDRILLAS"
"5402"|"ES24"|"20402"|"BUJARALOZ"
"4907"|"ES24"|"20907"|"CASPE"
"1213"|"ES24"|"20213"|"MONZON URBANA"
"5401"|"ES24"|"20401"|"ALFAJARIN"
"1114"|"ES24"|"20114"|"HUESCA CAPITAL Nº 3 (PIRINEOS)"
"4805"|"ES24"|"20805"|"CALAMOCHA"
"2512"|"ES24"|"20512"|"VENECIA"
"1203"|"ES24"|"20203"|"ALBALATE DE CINCA"
"4814"|"ES24"|"20814"|"UTRILLAS"
"4811"|"ES24"|"20811"|"SANTA EULALIA DEL CAMPO"
"1202"|"ES24"|"20202"|"AINSA"
"2525"|"ES24"|"20525"|"CAMPO DE BELCHITE"
"4906"|"ES24"|"20906"|"CANTAVIEJA"
"3705"|"ES24"|"20705"|"DAROCA"
"5412"|"ES24"|"20412"|"ACTUR NORTE"
"2509"|"ES24"|"20509"|"ALMOZARA"
"3607"|"ES24"|"20617"|"TARAZONA"
"5404"|"ES24"|"20404"|"VILLAMAYOR"
"3709"|"ES24"|"20709"|"VILLARROYA DE LA SIERRA"
"3701"|"ES24"|"20701"|"ALHAMA DE ARAGON"
"3610"|"ES24"|"20620"|"HERRERA DE LOS NAVARROS"
"4809"|"ES24"|"20809"|"MORA DE RUBIELOS"
"1106"|"ES24"|"20106"|"HECHO"
"5408"|"ES24"|"20408"|"AVENIDA CATALUÑA"
"1204"|"ES24"|"20204"|"BARBASTRO"
"4807"|"ES24"|"20807"|"CELLA"
"2516"|"ES24"|"20516"|"TORRE RAMONA"
"2521"|"ES24"|"20521"|"CASABLANCA"
"5410"|"ES24"|"20410"|"ZALFONADA"
"4801"|"ES24"|"20801"|"ALBARRACIN"
"4808"|"ES24"|"20808"|"MONREAL DEL CAMPO"
"1107"|"ES24"|"20107"|"HUESCA CAPITAL Nº 1 (PERPETUO SOCORRO)"
"3304"|"ES24"|"20604"|"TAUSTE"
"3605"|"ES24"|"20615"|"EPILA"
"1110"|"ES24"|"20110"|"JACA"
"1209"|"ES24"|"20209"|"FRAGA"
"1208"|"ES24"|"20208"|"CASTEJON DE SOS"
"1104"|"ES24"|"20104"|"BROTO"
"5409"|"ES24"|"20409"|"SANTA ISABEL"
"2503"|"ES24"|"20503"|"FUENTES DE EBRO"
"4908"|"ES24"|"20908"|"MAELLA"
"3608"|"ES24"|"20618"|"UTEBO"
"1112"|"ES24"|"20112"|"SABIÑANIGO"
"4803"|"ES24"|"20803"|"ALIAGA"
"3614"|"ES24"|"20624"|"BOMBARDA"
"4910"|"ES24"|"20910"|"MAS DE LAS MATAS"
"1201"|"ES24"|"20201"|"ABIEGO"
"2502"|"ES24"|"20525"|"CAMPO DE BELCHITE"
"1109"|"ES24"|"20109"|"HUESCA RURAL"
"1105"|"ES24"|"20105"|"GRAÑEN"
"4902"|"ES24"|"20902"|"ALCORISA"
"3616"|"ES24"|"20626"|"OLIVER"
"3706"|"ES24"|"20706"|"ILLUECA"
"3604"|"ES24"|"20614"|"CASETAS"
"1214"|"ES24"|"20214"|"TAMARITE DE LITERA"
"4817"|"ES24"|"20817"|"TERUEL ENSANCHE"
"3301"|"ES24"|"20601"|"EJEA DE LOS CABALLEROS"
"2518"|"ES24"|"20518"|"SAN JOSE CENTRO"
"4813"|"ES24"|"20813"|"TERUEL CENTRO"
"4802"|"ES24"|"20802"|"ALFAMBRA"
"2501"|"ES24"|"20525"|"CAMPO DE BELCHITE"
"3617"|"ES24"|"20627"|"VALDEFIERRO"
"50406"|"ES12"|"30406"|"Z.B.S. IV.6 - OVIEDO - VENTANIELLES - COLLOTO/CUALLOTO"
"50501"|"ES12"|"30501"|"Z.B.S. V.1 - CARREÑO"
"50514"|"ES12"|"30514"|"Z.B.S. V.14 - GIJON - ROCES - MONTEVIL"
"50418"|"ES12"|"30441"|"Z.E.S. 4.1 - BELMONTE DE MIRANDA"
"50205"|"ES12"|"30223"|"Z.E.S. 2.3 - DEGAÑA"
"50423"|"ES12"|"30420"|"Z.B.S. IV.20 - SIERO - LA FRESNEDA - LLANERA"
"50605"|"ES12"|"30605"|"Z.B.S. VI.5 - RIBADESELLA"
"50202"|"ES12"|"30202"|"Z.B.S. II.2 - CANGAS DEL NARCEA"
"50301"|"ES12"|"30301"|"Z.B.S. III.1 - AVILES - SABUGO"
"50509"|"ES12"|"30509"|"Z.B.S. V.9 - GIJON - EL COTO - CEARES/CIARES - VIESQUES"
"50805"|"ES12"|"30805"|"Z.B.S. VIII.5 - LAVIANA"
"50101"|"ES12"|"30101"|"Z.B.S. I.1 - VALDES - TREVIAS"
"50510"|"ES12"|"30510"|"Z.B.S. V.10 - GIJON - L'ARENA"
"50310"|"ES12"|"30310"|"Z.B.S. III.10 - AVILES - CENTRO"
"50410"|"ES12"|"30410"|"Z.B.S. IV.10 - NOREÑA - SIERO"
"50602"|"ES12"|"30602"|"Z.B.S. VI.2 - COLUNGA - CARAVIA"
"50604"|"ES12"|"30604"|"Z.B.S. VI.4 - CANGAS DE ONIS - ONIS - AMIEVA"
"50102"|"ES12"|"30102"|"Z.B.S. I.2 - VALDES - L.LUARCA"
"50507"|"ES12"|"30507"|"Z.B.S. V.7 - GIJON - CONTRUECES - VEGA - LA CAMOCHA - NUEVO ROCES"
"50421"|"ES12"|"30418"|"Z.B.S. IV.18 - OVIEDO - NARANCO"
"50701"|"ES12"|"30701"|"Z.B.S. VII.1 - MIERES - NORTE"
"50704"|"ES12"|"30704"|"Z.B.S. VII.4 - LENA"
"50308"|"ES12"|"30308"|"Z.B.S. III.8 - CASTRILLON"
"50111"|"ES12"|"30116"|"Z.E.S. 1.6 - EILAO"
"50511"|"ES12"|"30511"|"Z.B.S. V.11 - GIJON - PARQUE - SOMIO"
"50601"|"ES12"|"30601"|"Z.B.S. VI.1 - PILOÑA"
"50105"|"ES12"|"30105"|"Z.B.S. I.5 - VEGADEO - CASTROPOL - SAN TIRSO DE ABRES"
"50108"|"ES12"|"30113"|"Z.E.S. 1.3 - GRANDAS DE SALIME - PESOZ"
"50505"|"ES12"|"30505"|"Z.B.S. V.5 - GIJON - PERCHERA"
"50412"|"ES12"|"30412"|"Z.B.S. IV.12 - SIERO - SARIEGO"
"50309"|"ES12"|"30309"|"Z.B.S. III.9 - GOZON"
"50702"|"ES12"|"30702"|"Z.B.S. VII.2 - MIERES - SUR"
"50409"|"ES12"|"30409"|"Z.B.S. IV.9 - LLANERA"
"50606"|"ES12"|"30606"|"Z.B.S. VI.6 - LLANES - RIBADEDEVA"
"50414"|"ES12"|"30414"|"Z.B.S. IV.14 - SALAS"
"50104"|"ES12"|"30104"|"Z.B.S. I.4 - TAPIA - EL FRANCO"
"50411"|"ES12"|"30411"|"Z.B.S. IV.11 - SIERO - LUGONES/LLUGONES"
"50403"|"ES12"|"30403"|"Z.B.S. IV.3 - OVIEDO - LA ARGAÑOSA - SAN CLAUDIO - LAS REGUERAS"
"50512"|"ES12"|"30512"|"Z.B.S. V.12 - VILLAVICIOSA"
"50417"|"ES12"|"30443"|"Z.E.S. 4.3 - SOMIEDO"
"50306"|"ES12"|"30306"|"Z.B.S. III.6 - CUDILLERO"
"50422"|"ES12"|"30419"|"Z.B.S. IV.19 - OVIEDO - LA CORREDORIA - VILLAPERI"
"50103"|"ES12"|"30103"|"Z.B.S. I.3 - NAVIA - COAÑA/CUAÑA"
"50506"|"ES12"|"30506"|"Z.B.S. V.6 - GIJON - PUMARIN"
"50703"|"ES12"|"30703"|"Z.B.S. VII.3 - MIERES - FIGAREO - UXO - TURON"
"50508"|"ES12"|"30508"|"Z.B.S. V.8 - GIJON - EL LLANO"
"50408"|"ES12"|"30408"|"Z.B.S. IV.8 - OVIEDO - PUMARIN"
"50305"|"ES12"|"30305"|"Z.B.S. III.5 - CORVERA"
"50204"|"ES12"|"30222"|"Z.E.S. 2.2 - IBIAS"
"50203"|"ES12"|"30221"|"Z.E.S. 2.1 - ALLANDE"
"50405"|"ES12"|"30405"|"Z.B.S. IV.5 - OVIEDO - OTERO - OLLONIEGO/LLUNIEGO - VEGUIN"
"50607"|"ES12"|"30661"|"Z.E.S. 6.1 - PONGA"
"50603"|"ES12"|"30603"|"Z.B.S. VI.3 - PARRES"
"50302"|"ES12"|"30302"|"Z.B.S. III.2 - AVILES - CARBAYEDO - EL QUIRINAL"
"50402"|"ES12"|"30402"|"Z.B.S. IV.2 - OVIEDO CENTRO - SUR"
"50801"|"ES12"|"30801"|"Z.B.S. VIII.1 - LANGREO - RIAÑU"
"50608"|"ES12"|"30662"|"Z.E.S. 6.2 - CABRALES - PEÑAMELLERAS"
"50802"|"ES12"|"30802"|"Z.B.S. VIII.2 - LANGREO - LA FELGUERA - TIUYA/TUILLA - LADA"
"50401"|"ES12"|"30401"|"Z.B.S. IV.1 - OVIEDO CENTRO - NOROESTE"
"50503"|"ES12"|"30503"|"Z.B.S. V.3 - GIJON - EL NATAHOYO - TREMAÑES"
"50419"|"ES12"|"30442"|"Z.E.S. 4.2 - PROAZA - QUIROS - SANTO ADRIANO - TEVERGA"
"50610"|"ES12"|"30662"|"Z.E.S. 6.2 - CABRALES - PEÑAMELLERAS"
"50609"|"ES12"|"30662"|"Z.E.S. 6.2 - CABRALES - PEÑAMELLERAS"
"50303"|"ES12"|"30303"|"Z.B.S. III.3 - AVILES - LA MAGDALENA - LA CARRIONA - ILLAS"
"50807"|"ES12"|"30881"|"Z.E.S. 8.1 - CASO - SOBRESCOBIO"
"50107"|"ES12"|"30112"|"Z.E.S. 1.2 - OSCOS"
"50109"|"ES12"|"30114"|"Z.E.S. 1.4 - BOAL"
"50806"|"ES12"|"30806"|"Z.B.S. VIII.6 - SAN MARTIN DEL REY AURELIO - EL ENTREGO"
"50413"|"ES12"|"30413"|"Z.B.S. IV.13 - NAVA - BIMENES - CABRANES"
"50504"|"ES12"|"30504"|"Z.B.S. V.4 - GIJON - CENTRO - CIMAVILLA"
"50407"|"ES12"|"30407"|"Z.B.S. IV.7 - OVIEDO - TEATINOS"
"50106"|"ES12"|"30111"|"Z.E.S. 1.1 - TARAMUNDI"
"50307"|"ES12"|"30307"|"Z.B.S. III.7 - PRAVIA - MUROS - SOTO DEL BARCO"
"50201"|"ES12"|"30201"|"Z.B.S. II.1 - TINEO/TINEU"
"50804"|"ES12"|"30804"|"Z.B.S. VIII.4 - SAN MARTIN DEL REY AURELIO - SOTRONDIO - BLIMEA"
"50513"|"ES12"|"30513"|"Z.B.S. V.13 - GIJON - LAVIADA"
"50420"|"ES12"|"30417"|"Z.B.S. IV.17 - OVIEDO - VALLOBIN - SAMIGUEL"
"50706"|"ES12"|"30706"|"Z.B.S. VII.6 - ALTO ALLER - CABANAQUINTA/CABAÑAQUINTA"
"50415"|"ES12"|"30415"|"Z.B.S. IV.15 - GRADO - CANDAMO/CANDAMU - YERNES Y TAMEZA"
"50705"|"ES12"|"30705"|"Z.B.S. VII.5 - BAJO ALLER - MOREA/MOREDA"
"50502"|"ES12"|"30502"|"Z.B.S. V.2 - GIJON - LA CALZADA"
"50803"|"ES12"|"30803"|"Z.B.S. VIII.3 - LANGREO - SAMA - CIAÑU"
"50110"|"ES12"|"30115"|"Z.E.S. 1.5 - VILLAYON"
"50404"|"ES12"|"30404"|"Z.B.S. IV.4 - OVIEDO - EL CRISTO - TRUBIA"
"50416"|"ES12"|"30444"|"Z.E.S. 4.4 - RIOSA - MORCIN - LA RIBERA/RIBERA DE ARRIBA"
"50304"|"ES12"|"30304"|"Z.B.S. III.4 - AVILES - VILLALEGRE - LA LUZ - LLARANES"
"120142"|"ES70"|"70132"|"TEJEDA"
"120148"|"ES70"|"70136"|"VALLESECO"
"120256"|"ES70"|"70419"|"LA LAGUNA (UNIVERSIDAD)"
"120204"|"ES70"|"70403"|"ARICO"
"120231"|"ES70"|"70602"|"MULAGUA"
"120214"|"ES70"|"70502"|"GARAFIA"
"120245"|"ES70"|"70508"|"TAZACORTE"
"120132"|"ES70"|"70124"|"TELDE SAN GREGORIO"
"120220"|"ES70"|"70417"|"TACO"
"120215"|"ES70"|"70412"|"GRANADILLA"
"120224"|"ES70"|"70421"|"LA VICTORIA"
"120131"|"ES70"|"70303"|"SAN BARTOLOME LANZAROTE"
"120255"|"ES70"|"70438"|"PARQUE MARITIMO"
"120117"|"ES70"|"70302"|"MALA"
"120126"|"ES70"|"70121"|"SAN NICOLAS TOLENTINO"
"120228"|"ES70"|"70423"|"LOS REALEJOS"
"120266"|"ES70"|"70439"|"EL ROSARIO"
"120144"|"ES70"|"70305"|"TIAS"
"120203"|"ES70"|"70402"|"ANAGA"
"120254"|"ES70"|"70437"|"LA MATANZA"
"120241"|"ES70"|"70431"|"SANTA URSULA"
"120128"|"ES70"|"70122"|"SAN JOSE (SAN CRISTOBAL)"
"120253"|"ES70"|"70436"|"ARONA COSTA II"
"120234"|"ES70"|"70427"|"OROTAVA II - DEHESA"
"120252"|"ES70"|"70702"|"VALVERDE"
"120222"|"ES70"|"70419"|"LAGUNA FINCA-ESPAÑA"
"120226"|"ES70"|"70422"|"LOS GLADIOLOS"
"120113"|"ES70"|"70111"|"ESCALERITAS"
"120137"|"ES70"|"70129"|"SANTA MARIA DE GUIA"
"120146"|"ES70"|"70135"|"TRIANA"
"120133"|"ES70"|"70125"|"TELDE SAN JUAN"
"120108"|"ES70"|"70106"|"CAIDEROS"
"120106"|"ES70"|"70104"|"ARUCAS"
"120149"|"ES70"|"70137"|"VALSEQUILLO DE GRAN CANARIA"
"120130"|"ES70"|"70203"|"PUERTO DEL ROSARIO"
"120240"|"ES70"|"70430"|"SAN ANTONIO"
"120103"|"ES70"|"70103"|"ALCARAVANERAS"
"120155"|"ES70"|"70203"|"II PUERTO DEL ROSARIO (SUR)"
"120209"|"ES70"|"70408"|"BARRIO DE LA SALUD"
"120201"|"ES70"|"70401"|"ADEJE"
"120249"|"ES70"|"70701"|"FRONTERA VALLE DEL GOLFO"
"120232"|"ES70"|"70425"|"OFRA-DELICIAS"
"120242"|"ES70"|"70432"|"SANTIAGO DEL TEIDE"
"120101"|"ES70"|"70101"|"AGAETE"
"120122"|"ES70"|"70117"|"MASPALOMAS"
"120239"|"ES70"|"70506"|"SAN ANDRES Y SAUCES"
"120127"|"ES70"|"70202"|"PENINSULA DE JANDIA"
"120211"|"ES70"|"70410"|"CANDELARIA"
"120114"|"ES70"|"70112"|"FIRGAS"
"120270"|"ES70"|"70203"|"SANTA RITA II"
"120107"|"ES70"|"70105"|"BARRIO ATLANTICO"
"120206"|"ES70"|"70405"|"ARONA VILAFLOR"
"120141"|"ES70"|"70304"|"TEGUISE"
"120219"|"ES70"|"70416"|"LA CUESTA"
"120213"|"ES70"|"70501"|"EL PASO"
"120139"|"ES70"|"70130"|"TAFIRA/LOMO BLANCO"
"120123"|"ES70"|"70118"|"MILLER BAJO"
"120208"|"ES70"|"70407"|"BARRANCO GRANDE"
"120246"|"ES70"|"70434"|"TEJINA - TEGUESTE"
"120151"|"ES70"|"70306"|"PLAYA BLANCA/YAIZA"
"120120"|"ES70"|"70201"|"LA OLIVA"
"120102"|"ES70"|"70102"|"AGUIMES"
"120248"|"ES70"|"70435"|"TOSCAL CENTRO"
"120140"|"ES70"|"70131"|"TAMARACEITE"
"120125"|"ES70"|"70120"|"MOYA"
"120230"|"ES70"|"70505"|"MAZO"
"120119"|"ES70"|"70115"|"JINAMAR"
"120150"|"ES70"|"70138"|"VECINDARIO"
"120138"|"ES70"|"70111"|"SCHAMANN"
"120112"|"ES70"|"70110"|"TELDE CALERO"
"120247"|"ES70"|"70509"|"TIJARAFE"
"120121"|"ES70"|"70116"|"LAS REMUDAS"
"120237"|"ES70"|"70603"|"SAN SEBASTIAN DE LA GOMERA"
"120115"|"ES70"|"70106"|"GALDAR"
"120244"|"ES70"|"70433"|"TACORONTE"
"120210"|"ES70"|"70409"|"DUGGI CENTRO"
"120202"|"ES70"|"70601"|"ALAJERO"
"120129"|"ES70"|"70123"|"LA ISLETA"
"120143"|"ES70"|"70133"|"TEROR"
"120217"|"ES70"|"70414"|"GUIMAR"
"120111"|"ES70"|"70109"|"CUEVAS TORRES"
"120145"|"ES70"|"70134"|"SAN BARTOLOME DE TIRAJANA"
"120227"|"ES70"|"70504"|"LOS LLANOS DE ARIDANE"
"120118"|"ES70"|"70114"|"INGENIO"
"120153"|"ES70"|"70205"|"ANTIGUA-BETANCURIA"
"120251"|"ES70"|"70605"|"VALLEHERMOSO"
"120212"|"ES70"|"70411"|"PUERTO II - BOTANICO"
"120136"|"ES70"|"70128"|"SANTA BRIGIDA"
"120223"|"ES70"|"70420"|"LAS MERCEDES"
"120109"|"ES70"|"70107"|"CANALEJAS"
"120236"|"ES70"|"70428"|"LA GUANCHA"
"120218"|"ES70"|"70415"|"ICOD"
"120233"|"ES70"|"70426"|"OFRA-MIRAMAR"
"120110"|"ES70"|"70108"|"CONO SUR"
"120205"|"ES70"|"70404"|"ARONA COSTA I"
"120152"|"ES70"|"70307"|"LA GRACIOSA"
"120250"|"ES70"|"70604"|"VALLE GRAN REY"
"120235"|"ES70"|"70411"|"LA VERA"
"120207"|"ES70"|"70406"|"AÑAZA"
"120243"|"ES70"|"70507"|"SANTA CRUZ DE LA PALMA"
"120147"|"ES70"|"70204"|"TUINEJE-PAJARA"
"120104"|"ES70"|"70301"|"ARRECIFE"
"120238"|"ES70"|"70429"|"SALAMANCA"
"120225"|"ES70"|"70503"|"LAS BREÑAS"
"120135"|"ES70"|"70127"|"SAN ROQUE (TRIANA)"
"120221"|"ES70"|"70418"|"ROSARIO - GENETO"
"120116"|"ES70"|"70113"|"GUANARTEME"
"120134"|"ES70"|"70126"|"SAN MATEO"
"120105"|"ES70"|"70301"|"ARRECIFE II"
"120216"|"ES70"|"70413"|"GUIA DE ISORA"
"120229"|"ES70"|"70424"|"LOS SILOS"
"120124"|"ES70"|"70119"|"ARGUINEGUIN"
"060102"|"ES13"|"140206"|"ALTO ASON"
"060210"|"ES13"|"140410"|"SAN VICENTE"
"060125"|"ES13"|"140108"|"MARUCA"
"060119"|"ES13"|"140119"|"PISUEŃA SELAYA"
"060105"|"ES13"|"140116"|"BAJO PAS"
"060114"|"ES13"|"140201"|"LAREDO"
"060116"|"ES13"|"140208"|"MERUELO"
"060106"|"ES13"|"140113"|"CAMARGO-INTERIOR"
"060207"|"ES13"|"140411"|"NANSA"
"060129"|"ES13"|"140110"|"NUEVA MONTAŃA"
"060208"|"ES13"|"140406"|"POLANCO"
"060117"|"ES13"|"140117"|"MIERA"
"060201"|"ES13"|"140408"|"ALTAMIRA"
"060115"|"ES13"|"140111"|"BEZANA"
"060214"|"ES13"|"140404"|"TORRELAVEGA - CARTES"
"060122"|"ES13"|"140207"|"SANTOŃA"
"060209"|"ES13"|"140409"|"SAJA"
"060118"|"ES13"|"140118"|"PISUEŃA CAYON"
"060110"|"ES13"|"140115"|"CUDEYO"
"060109"|"ES13"|"140202"|"COLINDRES"
"060124"|"ES13"|"140106"|"VARGAS"
"060211"|"ES13"|"140402"|"TORRELAVEGA - CENTRO (ZAPATON)"
"060111"|"ES13"|"140103"|"DAVILA"
"060101"|"ES13"|"140203"|"LA BARRERA"
"060126"|"ES13"|"140109"|"EL ALISAL"
"060202"|"ES13"|"140405"|"BESAYA"
"060103"|"ES13"|"140120"|"ALTO PAS"
"060113"|"ES13"|"140209"|"GAMA"
"060127"|"ES13"|"140112"|"CAMARGO-COSTA"
"060123"|"ES13"|"140101"|"SARDINERO"
"060112"|"ES13"|"140114"|"ASTILLERO"
"060205"|"ES13"|"140412"|"LIEBANA"
"060107"|"ES13"|"140107"|"CAZOŃA"
"060104"|"ES13"|"140205"|"BAJO ASON"
"060204"|"ES13"|"140407"|"SUANCES"
"060213"|"ES13"|"140403"|"TORRELAVEGA - SUR (COVADONGA)"
"060120"|"ES13"|"140105"|"PUERTO"
"060128"|"ES13"|"140204"|"CASTRO URDIALES SUR"
"060212"|"ES13"|"140401"|"TORRELAVEGA - NORTE (DOBRA)"
"060108"|"ES13"|"140104"|"CENTRO"
"060121"|"ES13"|"140102"|"PUERTOCHICO"
"060215"|"ES13"|"140413"|"CAMPOO - LOS VALLES"
"3"|"ES22"|"80101"|"ALTSASU/ALSASUA"
"49"|"ES22"|"80102"|"ETXARRI-ARANATZ"
"56"|"ES22"|"80103"|"IRURTZUN"
"62"|"ES22"|"80104"|"LEITZA"
"64"|"ES22"|"80105"|"LESAKA"
"43"|"ES22"|"80106"|"ELIZONDO"
"41"|"ES22"|"80107"|"DONEZTEBE/SANTESTEBAN"
"107"|"ES22"|"80108"|"ULTZAMA"
"13"|"ES22"|"80109"|"AURITZ/BURGUETE"
"9"|"ES22"|"80110"|"AOIZ"
"52"|"ES22"|"80111"|"HUARTE"
"116"|"ES22"|"80112"|"VILLAVA"
"26"|"ES22"|"80113"|"BURLADA"
"19"|"ES22"|"80114"|"BERRIOZAR"
"79"|"ES22"|"80115"|"ORCOYEN"
"91"|"ES22"|"80116"|"SAN JORGE"
"85"|"ES22"|"80117"|"ROCHAPEA"
"36"|"ES22"|"80118"|"CHANTREA"
"34"|"ES22"|"80119"|"CASCO VIEJO-I ENSANCHE"
"54"|"ES22"|"80120"|"II ENSANCHE"
"73"|"ES22"|"80121"|"MILAGROSA"
"60"|"ES22"|"80122"|"ITURRAMA"
"93"|"ES22"|"80123"|"SAN JUAN"
"45"|"ES22"|"80124"|"ERMITAGAÑA"
"118"|"ES22"|"80125"|"ZIZUR-ECHAVACOIZ"
"17"|"ES22"|"80126"|"BARAÑÁIN"
"83"|"ES22"|"80127"|"PUENTE LA REINA"
"75"|"ES22"|"80128"|"NOÁIN"
"96"|"ES22"|"80129"|"SANGÜESA"
"87"|"ES22"|"80130"|"VALLE DE SALAZAR"
"58"|"ES22"|"80131"|"ISABA"
"47"|"ES22"|"80332"|"ESTELLA"
"114"|"ES22"|"80333"|"VILLATUERTA"
"1"|"ES22"|"80334"|"ALLO"
"5"|"ES22"|"80335"|"ANCÍN-AMÉSCOA"
"69"|"ES22"|"80336"|"LOS ARCOS"
"112"|"ES22"|"80337"|"VIANA"
"67"|"ES22"|"80338"|"LODOSA"
"89"|"ES22"|"80339"|"SAN ADRIÁN"
"100"|"ES22"|"80140"|"TAFALLA"
"11"|"ES22"|"80141"|"ARTAJONA"
"30"|"ES22"|"80142"|"CARCASTILLO"
"77"|"ES22"|"80143"|"OLITE"
"81"|"ES22"|"80144"|"PERALTA"
"104"|"ES22"|"80245"|"TUDELA OESTE"
"102"|"ES22"|"80246"|"TUDELA ESTE"
"110"|"ES22"|"80247"|"VALTIERRA-CADREITA"
"39"|"ES22"|"80248"|"CORELLA"
"37"|"ES22"|"80249"|"CINTRUÉNIGO"
"32"|"ES22"|"80250"|"CASCANTE"
"24"|"ES22"|"80251"|"BUÑUEL"
"15"|"ES22"|"80161"|"AZPILAGAÑA"
"71"|"ES22"|"80163"|"MENDILLORRI"
"7"|"ES22"|"80164"|"ANSOÁIN"
"28"|"ES22"|"80166"|"BUZTINTXURI"
"98"|"ES22"|"80167"|"SARRIGUREN"
"122"|"ES22"|"80121"|"ARANGUREN"
"66"|"ES22"|"80166"|"BUZTINTXURI"
"5021"|"ES21"|"40121"|"OLARIZU"
"22020"|"ES21"|"41020"|"BERAUN - ERRENTERIA"
"5022"|"ES21"|"40118"|"IRUÑA DE LA OCA"
"42017"|"ES21"|"40617"|"ZORROZA"
"42009"|"ES21"|"40609"|"DEUSTO"
"43014"|"ES21"|"40314"|"LEKEITIO"
"22016"|"ES21"|"41016"|"ONDARRETA"
"44010"|"ES21"|"40410"|"SOPELA"
"42011"|"ES21"|"40611"|"LA PEÑA"
"5013"|"ES21"|"40113"|"RIOJA"
"22011"|"ES21"|"41111"|"IRUN - CENTRO"
"27003"|"ES21"|"41096"|"ANDOAIN"
"42021"|"ES21"|"40621"|"SAN ADRIAN"
"42016"|"ES21"|"40616"|"TXURDINAGA CENTRO SALUD"
"43013"|"ES21"|"40313"|"GERNIKALDEA"
"47021"|"ES21"|"40521"|"ZALLA"
"5006"|"ES21"|"40106"|"LAKUA - ARRIAGA"
"22018"|"ES21"|"41018"|"LEZO-SAN JUAN"
"44005"|"ES21"|"40405"|"GORLIZ-PLENTZIA"
"5020"|"ES21"|"40120"|"ZARAMAGA"
"43012"|"ES21"|"40312"|"GERNIKA"
"22023"|"ES21"|"41023"|"ZARAUTZ - ORIO - AIA"
"42024"|"ES21"|"40603"|"MIRIBILLA-LA MERCED"
"22017"|"ES21"|"41017"|"PARTE VIEJA"
"22005"|"ES21"|"41005"|"EGIA"
"47011"|"ES21"|"40511"|"PORTUGALETE CENTRO"
"5009"|"ES21"|"40199"|"NORTE-LEGUTIANO"
"47020"|"ES21"|"40920"|"RONTEGI"
"27015"|"ES21"|"40215"|"OÑATI"
"47019"|"ES21"|"40919"|"ZABALLA C.S."
"42010"|"ES21"|"40610"|"INDAUTXU"
"5017"|"ES21"|"40117"|"SANSOMENDI"
"43004"|"ES21"|"40304"|"ARRIGORRIAGA"
"47005"|"ES21"|"40505"|"GUEÑES"
"99028"|"ES21"|"40628"|"KARMELO"
"27005"|"ES21"|"40805"|"AZKOITIA"
"43011"|"ES21"|"40311"|"GALDAKAO"
"99038"|"ES21"|"40538"|"BUENAVISTA"
"43016"|"ES21"|"40316"|"MARKINA-XEMEIN"
"47018"|"ES21"|"40518"|"TRAPAGARAN"
"42001"|"ES21"|"40601"|"JAVIER SAENZ DE BURUAGA"
"22024"|"ES21"|"41024"|"ZUMAIA - ZESTOA - GETARIA"
"22019"|"ES21"|"41019"|"PASAJES SAN PEDRO"
"44004"|"ES21"|"40404"|"ERANDIO"
"5016"|"ES21"|"40116"|"SAN MARTIN"
"42014"|"ES21"|"40614"|"SAN IGNACIO"
"27009"|"ES21"|"40709"|"DEBA"
"42006"|"ES21"|"40606"|"BOLUETA"
"5003"|"ES21"|"40103"|"ARANBIZKARRA II"
"43008"|"ES21"|"40308"|"BERMEO"
"42004"|"ES21"|"40604"|"BASURTO"
"47010"|"ES21"|"40510"|"ORTUELLA"
"42013"|"ES21"|"40613"|"REKALDE"
"42008"|"ES21"|"40608"|"CASCO VIEJO (BILBAO)"
"44006"|"ES21"|"40406"|"LAS ARENAS"
"27012"|"ES21"|"40712"|"ERMUA"
"43017"|"ES21"|"40317"|"ONDARROA"
"27004"|"ES21"|"40204"|"ARRASATE"
"43003"|"ES21"|"40303"|"ARRATIA"
"22003"|"ES21"|"41003"|"PASAI ANTXO"
"5002"|"ES21"|"40102"|"ARANBIZKARRA I"
"42012"|"ES21"|"40612"|"OTXARKOAGA"
"5011"|"ES21"|"40111"|"OLAGUIBEL"
"22002"|"ES21"|"41002"|"AMARA BERRI"
"47022"|"ES21"|"40922"|"ZUAZO"
"27001"|"ES21"|"41095"|"ALEGIA"
"43007"|"ES21"|"40307"|"BASAURI-KAREAGA"
"43005"|"ES21"|"40305"|"AIALA"
"27019"|"ES21"|"41099"|"VILLABONA"
"99018"|"ES21"|"40699"|"GAZTELEKU"
"22004"|"ES21"|"41004"|"BIDEBIETA"
"5019"|"ES21"|"40119"|"VALLES II"
"27011"|"ES21"|"40711"|"ELGOIBAR"
"5008"|"ES21"|"40108"|"MONTAÑA ALAVESA"
"22015"|"ES21"|"41015"|"OIARTZUN"
"43010"|"ES21"|"40310"|"ETXEBARRI"
"42005"|"ES21"|"40605"|"BEGOÑA"
"5018"|"ES21"|"40118"|"VALLES I"
"47016"|"ES21"|"40516"|"SANTURTZI MAMARIGA"
"43001"|"ES21"|"40301"|"ABADIÑO-ELORRIO-BERRIZ"
"43015"|"ES21"|"40315"|"LLODIO"
"44012"|"ES21"|"40412"|"ALANGO"
"43020"|"ES21"|"40899"|"LAZKAO"
"5004"|"ES21"|"40104"|"CASCO VIEJO VITORIA"
"22025"|"ES21"|"41025"|"AMARA CENTRO"
"27010"|"ES21"|"40710"|"EIBAR"
"44009"|"ES21"|"40409"|"MUNGIA"
"47001"|"ES21"|"40501"|"ABANTO-MUSKIZ"
"5001"|"ES21"|"40101"|"ABETXUKO"
"27006"|"ES21"|"40806"|"AZPEITIA"
"43009"|"ES21"|"40309"|"DURANGO"
"47004"|"ES21"|"40904"|"DESIERTO"
"43006"|"ES21"|"40306"|"BASAURI-ARIZ"
"27020"|"ES21"|"40820"|"ZUMARRAGA"
"22012"|"ES21"|"41112"|"DUMBOA"
"5026"|"ES21"|"40126"|"ZABALGANA"
"22009"|"ES21"|"41109"|"HONDARRIBIA"
"22021"|"ES21"|"41021"|"IZTIETA - ERRENTERIA"
"47003"|"ES21"|"40503"|"BALMASEDA"
"22014"|"ES21"|"41014"|"LOIOLA"
"44011"|"ES21"|"40411"|"TXORIERRI"
"27007"|"ES21"|"40807"|"BEASAIN"
"22013"|"ES21"|"41013"|"LASARTE - USURBIL"
"5027"|"ES21"|"40127"|"SALBURUA"
"44008"|"ES21"|"40408"|"LEIOA"
"22006"|"ES21"|"41006"|"GROS"
"5010"|"ES21"|"40110"|"NORTE-ZUYA"
"47047"|"ES21"|"40147"|"LAKUABIZKARRA"
"47007"|"ES21"|"40907"|"LA PAZ"
"42003"|"ES21"|"40603"|"se funde con miribilla"
"27017"|"ES21"|"41098"|"TOLOSA"
"5005"|"ES21"|"40105"|"LA HABANA"
"47013"|"ES21"|"40913"|"SAN VICENTE"
"44003"|"ES21"|"40403"|"ASTRABUDUA"
"27014"|"ES21"|"40814"|"LEGAZPI"
"27002"|"ES21"|"40702"|"TORREKUA"
"43002"|"ES21"|"40302"|"AMOREBIETA"
"22008"|"ES21"|"41008"|"HERNANI-URNIETA-ASTIGARRAGA"
"47008"|"ES21"|"40908"|"LUTXANA"
"44002"|"ES21"|"40402"|"ALGORTA"
"47017"|"ES21"|"40917"|"SESTAO MARKONZAGA"
"22001"|"ES21"|"41001"|"ALZA-ROTETA"
"99033"|"ES21"|"40633"|"MINA DEL MORRO"
"27018"|"ES21"|"40218"|"VALLE DE LENIZ"
"5007"|"ES21"|"40107"|"LLANADA ALAVESA"
"42015"|"ES21"|"40615"|"SANTUTXU-SOLOKOETXE"
"47006"|"ES21"|"40906"|"SESTAO KUETO"
"47012"|"ES21"|"40512"|"PORTUGALETE REPELEGA"
"42007"|"ES21"|"40607"|"BOMBERO ETXANIZ"
"47015"|"ES21"|"40515"|"SANTURTZI KABIEZES"
"22010"|"ES21"|"41010"|"INTXAURRONDO"
"67"|"ES21"|"40167"|"GAZALBIDE TXAGORRITXU"
"27008"|"ES21"|"40208"|"BERGARA"
"27013"|"ES21"|"41097"|"IBARRA"
"42018"|"ES21"|"40618"|"ZURBARAN"
"27016"|"ES21"|"40816"|"ORDIZIA"
"705001009"|"ES41"|"170122"|"AVILA SUR ESTE"
"709001814"|"ES41"|"170237"|"LAS HUELGAS"
"724002213"|"ES41"|"170310"|"LA CABRERA"
"724002244"|"ES41"|"170328"|"TROBAJO DEL CAMINO-VALVERDE DE LA VIRGEN"
"734000941"|"ES41"|"170509"|"LA PUEBLA"
"734000940"|"ES41"|"170508"|"LOS JARDINILLOS y PAN Y GUINDAS"
"734000924"|"ES41"|"170513"|"PINTOR OLIVA"
"740000971"|"ES41"|"170709"|"SEGOVIA II"
"747001971"|"ES41"|"170916"|"PISUERGA"
"749001183"|"ES41"|"171122"|"ZAMORA SUR"
"749001162"|"ES41"|"171121"|"ZAMORA NORTE"
"749001178"|"ES41"|"171120"|"VIRGEN DE LA CONCHA"
"749001177"|"ES41"|"171119"|"VILLALPANDO"
"749001176"|"ES41"|"171118"|"VIDRIALES"
"749001189"|"ES41"|"171117"|"TORO"
"749001188"|"ES41"|"171116"|"TABARA"
"749001185"|"ES41"|"171115"|"SAYAGO"
"749001171"|"ES41"|"171114"|"SANABRIA"
"749001184"|"ES41"|"171112"|"DR FLEMING"
"749001180"|"ES41"|"171111"|"DIEGO DE LOSADA"
"749001169"|"ES41"|"171110"|"CORRALES DEL VINO"
"749001187"|"ES41"|"171109"|"CARBALLEDA"
"749001167"|"ES41"|"171108"|"CARBAJALES"
"749001166"|"ES41"|"171107"|"CAMPOS - LAMPREANA"
"749001174"|"ES41"|"171106"|"TERA"
"749001182"|"ES41"|"171105"|"BENAVENTE SUR"
"749001179"|"ES41"|"171104"|"BENAVENTE NORTE"
"749001164"|"ES41"|"171103"|"ALTO SANABRIA"
"749001165"|"ES41"|"171102"|"ALISTE"
"749002308"|"ES41"|"171101"|"PARADA DEL MOLINO"
"747001951"|"ES41"|"171026"|"CIGALES"
"747001957"|"ES41"|"171025"|"VALLADOLID RURAL I"
"747001947"|"ES41"|"171024"|"CENTRO - GAMAZO"
"747001972"|"ES41"|"171023"|"LA VICTORIA I"
"747001962"|"ES41"|"171022"|"MEDINA DEL CAMPO URBANO"
"747001961"|"ES41"|"171021"|"MEDINA DEL CAMPO RURAL"
"747001963"|"ES41"|"171020"|"OLMEDO"
"747004070"|"ES41"|"171019"|"ALAEJOS"
"747001970"|"ES41"|"171018"|"TUDELA DE DUERO"
"747001964"|"ES41"|"171017"|"SERRADA"
"747001949"|"ES41"|"171016"|"PORTILLO"
"747001930"|"ES41"|"171015"|"PENAFIEL"
"747001969"|"ES41"|"171014"|"SAN PABLO"
"747001932"|"ES41"|"171013"|"CANTERAC"
"747001939"|"ES41"|"171012"|"RONDILLA II"
"747001938"|"ES41"|"171011"|"RONDILLA I"
"747001937"|"ES41"|"171010"|"PLAZA CIRCULAR"
"747001969"|"ES41"|"171009"|"PILARICA"
"747001941"|"ES41"|"171008"|"SAN ISIDRO - PAJARILLOS"
"747001936"|"ES41"|"171007"|"MAGDALENA"
"747001960"|"ES41"|"171006"|"ISCAR"
"747001934"|"ES41"|"171003"|"CIRCUNVALACION"
"747004051"|"ES41"|"171002"|"ESGUEVILLAS DE ESGUEVA"
"747001931"|"ES41"|"171001"|"BARRIO ESPANA"
"747001935"|"ES41"|"170928"|"DELICIAS II"
"747001933"|"ES41"|"170927"|"DELICIAS I"
"747001973"|"ES41"|"170926"|"VALLADOLID RURAL II"
"747001959"|"ES41"|"170925"|"VILLALON DE CAMPOS"
"747001944"|"ES41"|"170924"|"VILLAFRECHOS"
"747001956"|"ES41"|"170920"|"TORDESILLAS"
"747001965"|"ES41"|"170919"|"VALLADOLID SUR"
"747001968"|"ES41"|"170915"|"PARQUESOL"
"747001955"|"ES41"|"170914"|"MOTA DEL MARQUES"
"747001967"|"ES41"|"170913"|"MEDINA DE RIOSECO"
"747001953"|"ES41"|"170910"|"MAYORGA"
"747001952"|"ES41"|"170909"|"LAGUNA DE DUERO"
"747001948"|"ES41"|"170907"|"HUERTA DEL REY"
"747001950"|"ES41"|"170906"|"ESPERANTO"
"747001946"|"ES41"|"170903"|"CAMPO GRANDE"
"747001945"|"ES41"|"170902"|"ARTURO EYRIES"
"742000765"|"ES41"|"170814"|"SORIA SUR"
"742000755"|"ES41"|"170813"|"SORIA NORTE"
"742000764"|"ES41"|"170812"|"SAN PEDRO MANRIQUE"
"742000757"|"ES41"|"170811"|"SORIA RURAL"
"742000763"|"ES41"|"170810"|"SAN LEONARDO DE YAGUE"
"742000766"|"ES41"|"170809"|"PINARES - COVALEDA"
"742000760"|"ES41"|"170808"|"OLVEGA"
"742000759"|"ES41"|"170807"|"GOMARA"
"742000762"|"ES41"|"170806"|"SAN ESTEBAN DE GORMAZ"
"742000758"|"ES41"|"170805"|"BURGO DE OSMA"
"742000754"|"ES41"|"170804"|"BERLANGA DE DUERO"
"742000753"|"ES41"|"170803"|"ARCOS DE JALON"
"742000752"|"ES41"|"170802"|"ALMAZAN"
"742000751"|"ES41"|"170801"|"AGREDA"
"740000960"|"ES41"|"170716"|"SACRAMENIA"
"740000959"|"ES41"|"170715"|"SAN ILDEFONSO O LA GRANJA"
"740000965"|"ES41"|"170714"|"EL ESPINAR"
"740000958"|"ES41"|"170713"|"VILLACASTIN"
"740000957"|"ES41"|"170712"|"SEPULVEDA"
"740000968"|"ES41"|"170711"|"SEGOVIA RURAL"
"740000973"|"ES41"|"170710"|"SEGOVIA III"
"740000972"|"ES41"|"170708"|"SEGOVIA I"
"740000961"|"ES41"|"170707"|"RIAZA"
"740000963"|"ES41"|"170706"|"NAVA DE LA ASUNCION"
"740000962"|"ES41"|"170705"|"LA SIERRA"
"740000964"|"ES41"|"170704"|"FUENTESAUCO DE FUENTIDUENA"
"740000966"|"ES41"|"170703"|"CUELLAR"
"740000967"|"ES41"|"170702"|"CARBONERO EL MAYOR"
"740000969"|"ES41"|"170701"|"CANTALEJO"
"737002040"|"ES41"|"170637"|"CAPUCHINOS"
"737002033"|"ES41"|"170636"|"SAN JUAN"
"737002043"|"ES41"|"170635"|"UNIVERSIDAD CENTRO"
"737002028"|"ES41"|"170634"|"VITIGUDINO"
"737002027"|"ES41"|"170633"|"VILLORIA"
"737002035"|"ES41"|"170631"|"TEJARES"
"737002026"|"ES41"|"170630"|"TAMAMES"
"737002025"|"ES41"|"170629"|"SANCTI-SPIRITUS - CANALEJAS"
"737002037"|"ES41"|"170628"|"SANTA MARTA DE TORMES"
"737002013"|"ES41"|"170627"|"SAN JOSE"
"737002024"|"ES41"|"170626"|"ROBLEDA"
"737002036"|"ES41"|"170625"|"PIZARRALES"
"737002023"|"ES41"|"170624"|"PENARANDA DE BRACAMONTE"
"737002041"|"ES41"|"170623"|"PERIURBANA SUR"
"737002039"|"ES41"|"170622"|"PERIURBANA NORTE"
"737002022"|"ES41"|"170621"|"PEDROSILLO EL RALO"
"737002021"|"ES41"|"170620"|"MIRANDA DEL CASTANAR"
"737002020"|"ES41"|"170619"|"MATILLA DE LOS CANOS DEL RIO"
"737002019"|"ES41"|"170618"|"LUMBRALES"
"737002018"|"ES41"|"170617"|"LINARES DE RIOFRIO"
"737002017"|"ES41"|"170616"|"LEDESMA"
"737002008"|"ES41"|"170615"|"LA ALBERCA"
"737002029"|"ES41"|"170614"|"ALAMEDILLA"
"737002007"|"ES41"|"170613"|"GUIJUELO"
"737002042"|"ES41"|"170612"|"GARRIDO SUR"
"737002034"|"ES41"|"170611"|"GARRIDO NORTE"
"737002015"|"ES41"|"170610"|"FUENTES DE ONORO"
"737002014"|"ES41"|"170609"|"FUENTEGUINALDO"
"737002016"|"ES41"|"170608"|"FUENTE DE SAN ESTEBAN (LA)"
"737002031"|"ES41"|"170607"|"SAN BERNARDO OESTE"
"737002038"|"ES41"|"170606"|"CIUDAD RODRIGO"
"737002011"|"ES41"|"170605"|"CANTALAPIEDRA"
"737003692"|"ES41"|"170604"|"CALZADA DE VALDUNCIEL"
"737002030"|"ES41"|"170603"|"BEJAR"
"737002010"|"ES41"|"170602"|"ALDEADAVILA DE LA RIBERA"
"737002009"|"ES41"|"170601"|"ALBA DE TORMES"
"734000937"|"ES41"|"170520"|"VILLAMURIEL DE CERRATO"
"734000936"|"ES41"|"170519"|"VILLADA"
"734000938"|"ES41"|"170518"|"VILLARRAMIEL"
"734000935"|"ES41"|"170517"|"VENTA DE BANOS"
"734000934"|"ES41"|"170516"|"TORQUEMADA"
"734000923"|"ES41"|"170515"|"SAN JUANILLO"
"734000944"|"ES41"|"170514"|"SALDANA"
"734000932"|"ES41"|"170512"|"PAREDES DE NAVA"
"734000922"|"ES41"|"170511"|"PALENCIA RURAL"
"734000931"|"ES41"|"170510"|"OSORNO"
"734000930"|"ES41"|"170507"|"HERRERA DE PISUERGA"
"734000942"|"ES41"|"170506"|"GUARDO"
"734000927"|"ES41"|"170505"|"FROMISTA"
"734000943"|"ES41"|"170504"|"CERVERA DE PISUERGA"
"734000928"|"ES41"|"170503"|"CARRION DE LOS CONDES"
"734000926"|"ES41"|"170502"|"BALTANAS"
"734000925"|"ES41"|"170501"|"AGUILAR DE CAMPOO"
"724002243"|"ES41"|"170411"|"PONFERRADA IV"
"724002233"|"ES41"|"170410"|"VILLAFRANCA DEL BIERZO"
"724002242"|"ES41"|"170409"|"VILLABLINO"
"724002231"|"ES41"|"170408"|"TORENO"
"724002230"|"ES41"|"170407"|"PUENTE DE DOMINGO FLOREZ"
"724002229"|"ES41"|"170406"|"PONFERRADA III"
"724002228"|"ES41"|"170405"|"PONFERRADA II"
"724002239"|"ES41"|"170404"|"PONFERRADA I"
"724002227"|"ES41"|"170403"|"FABERO"
"724002226"|"ES41"|"170402"|"CACABELOS"
"724002225"|"ES41"|"170401"|"BEMBIBRE"
"724002245"|"ES41"|"170327"|"VALENCIA DE DON JUAN"
"724002223"|"ES41"|"170326"|"VALDERAS"
"724002222"|"ES41"|"170325"|"SANTA MARIA DEL PARAMO"
"724002221"|"ES41"|"170324"|"SAN ANDRES DEL RABANEDO"
"724002220"|"ES41"|"170323"|"SAHAGUN DE CAMPOS"
"724002234"|"ES41"|"170322"|"RIBERA DE ORBIGO"
"724002219"|"ES41"|"170321"|"RIBERA DEL ESLA"
"724002218"|"ES41"|"170320"|"RIANO"
"724002215"|"ES41"|"170319"|"MATALLANA DE TORIO"
"724002214"|"ES41"|"170318"|"MANSILLA DE LAS MULAS"
"724002236"|"ES41"|"170317"|"LEON VI - JOSE AGUADO"
"724002210"|"ES41"|"170315"|"LEON IV - CRUCERO"
"724002237"|"ES41"|"170314"|"LEON III - LA CONDESA"
"724002241"|"ES41"|"170313"|"LEON II - LA PALOMERA"
"724002240"|"ES41"|"170312"|"LEON I - ERAS DE RENUEVA"
"724002208"|"ES41"|"170311"|"LA MAGDALENA"
"724002212"|"ES41"|"170309"|"LA BANEZA II"
"724002211"|"ES41"|"170308"|"LA BANEZA I"
"724002217"|"ES41"|"170307"|"CUENCA DE BERNESGA"
"724002209"|"ES41"|"170306"|"CISTIERNA"
"724002207"|"ES41"|"170305"|"BONAR"
"724002248"|"ES41"|"170304"|"BABIA"
"724002247"|"ES41"|"170303"|"ASTORGA II"
"724002246"|"ES41"|"170302"|"ASTORGA I"
"724002204"|"ES41"|"170301"|"ARMUNIA"
"709001812"|"ES41"|"170236"|"CASA LA VEGA"
"709001809"|"ES41"|"170235"|"VILLARCAYO"
"709001790"|"ES41"|"170234"|"VALLE DE MENA"
"709001802"|"ES41"|"170233"|"VILLADIEGO"
"709001791"|"ES41"|"170232"|"VALLE DE VADEBEZANA"
"709001796"|"ES41"|"170231"|"VALLE DE TOBALINA"
"709001789"|"ES41"|"170230"|"VALLE DE LOSA"
"709001788"|"ES41"|"170229"|"SEDANO"
"709001811"|"ES41"|"170228"|"SANTA CLARA"
"709001806"|"ES41"|"170227"|"SAN AGUSTIN"
"709003511"|"ES41"|"170226"|"SALAS DE LOS INFANTES"
"709001785"|"ES41"|"170225"|"ROA DE DUERO"
"709001813"|"ES41"|"170224"|"QUINTANAR  DE LA SIERRA"
"709001795"|"ES41"|"170223"|"PAMPLIEGA"
"709001801"|"ES41"|"170222"|"MIRANDA OESTE"
"709001808"|"ES41"|"170221"|"MIRANDA ESTE"
"709001794"|"ES41"|"170220"|"MELGAR DE FERNAMENTAL"
"709001783"|"ES41"|"170219"|"MEDINA DE POMAR"
"709001807"|"ES41"|"170218"|"LOS CUBOS"
"709001805"|"ES41"|"170217"|"LOS COMUNEROS"
"709002884"|"ES41"|"170216"|"LERMA"
"709001810"|"ES41"|"170215"|"HUERTA DE REY"
"709001779"|"ES41"|"170214"|"GARCIA LORCA"
"709001781"|"ES41"|"170213"|"LAS TORRES"
"709001780"|"ES41"|"170212"|"GAMONAL ANTIGUA"
"709001778"|"ES41"|"170211"|"ESPINOSA DE LOS MONTEROS"
"709001793"|"ES41"|"170210"|"CONDADO DE TREVINO"
"709001775"|"ES41"|"170209"|"BURGOS RURAL SUR"
"709001774"|"ES41"|"170208"|"BURGOS RURAL NORTE"
"709001803"|"ES41"|"170207"|"BURGOS CENTRO B"
"709001804"|"ES41"|"170206"|"BURGOS CENTRO A"
"709001777"|"ES41"|"170205"|"BRIVIESCA"
"709001776"|"ES41"|"170204"|"BELORADO"
"709001799"|"ES41"|"170202"|"ARANDA DE DUERO - RURAL"
"709001797"|"ES41"|"170201"|"ARANDA  DE DUERO NORTE"
"705001002"|"ES41"|"170121"|"MUNICO"
"705001001"|"ES41"|"170120"|"MUNANA"
"705001005"|"ES41"|"170119"|"SOTILLO DE LA ADRADA"
"705001004"|"ES41"|"170118"|"SAN PEDRO DEL ARROYO"
"705001003"|"ES41"|"170117"|"PIEDRAHITA"
"705001000"|"ES41"|"170116"|"MOMBELTRAN"
"705001008"|"ES41"|"170115"|"MADRIGAL DE LAS ALTAS TORRES"
"705000988"|"ES41"|"170114"|"LAS NAVAS DEL MARQUES"
"705000989"|"ES41"|"170113"|"GREDOS"
"705000998"|"ES41"|"170112"|"FONTIVEROS"
"705000996"|"ES41"|"170111"|"CEBREROS"
"705000995"|"ES41"|"170110"|"CANDELEDA"
"705001973"|"ES41"|"170109"|"BURGOHONDO"
"705000997"|"ES41"|"170108"|"BARCO DE AVILA"
"705001007"|"ES41"|"170107"|"AVILA SUR OESTE"
"705000999"|"ES41"|"170106"|"LANZAHITA"
"705000991"|"ES41"|"170105"|"AVILA RURAL"
"705001006"|"ES41"|"170104"|"AVILA NORTE"
"705000990"|"ES41"|"170103"|"AVILA ESTACION"
"705000993"|"ES41"|"170102"|"AREVALO"
"705000992"|"ES41"|"170101"|"ARENAS DE SAN PEDRO"
"709001798"|"ES41"|"170203"|"ARANDA DE DUERO SUR"
"724002235"|"ES41"|"170316"|"LEON V - JOSE AGUADO"
"749001181"|"ES41"|"171113"|"LA GUARENA"
"50300"|"ES12"|"50300"|NA
"50400"|"ES12"|"50400"|NA
"50800"|"ES12"|"50800"|NA
"50500"|"ES12"|"50500"|NA
"50100"|"ES12"|"50100"|NA
"50600"|"ES12"|"50600"|NA
"124"|"ES22"|"124"|"LEZKAIRU"
"62"|"ES21"|"62"|"NA AIETE"
"16010110"|"ES30"|"160131"|"VILLAREJO DE SALVANES"
"16010210"|"ES30"|"160118"|"MORATA-PERALES DE TAJUNA"
"16010310"|"ES30"|"160106"|"CAMPO REAL"
"16010410"|"ES30"|"160104"|"ARGANDA DEL REY-FELICIDAD"
"16010510"|"ES30"|"160123"|"RIVAS"
"16010610"|"ES30"|"160123"|"RIVAS"
"16010710"|"ES30"|"160132"|"VINATEROS - TORITO"
"16011310"|"ES30"|"160116"|"PACIFICO"
"16011410"|"ES30"|"160112"|"IBIZA"
"16011710"|"ES30"|"160110"|"ESTRELLA-MEDIALEGUA"
"16011810"|"ES30"|"160115"|"NUMANCIA-PENAPRIETA"
"16011910"|"ES30"|"160115"|"NUMANCIA-PENAPRIETA"
"16012010"|"ES30"|"160113"|"MARTINEZ DE LA RIVA"
"16012110"|"ES30"|"160103"|"ANGELA URIARTE"
"16012310"|"ES30"|"160125"|"SAN DIEGO"
"16012410"|"ES30"|"160121"|"POZO DE TIO RAIMUNDO"
"16012610"|"ES30"|"160120"|"PORTAZGO"
"16012710"|"ES30"|"160122"|"RAFAEL ALBERTI-FEDERICA MONTSENY"
"16012810"|"ES30"|"160122"|"RAFAEL ALBERTI-FEDERICA MONTSENY"
"16012910"|"ES30"|"160130"|"VILLA VALLECAS"
"16013010"|"ES30"|"160126"|"SANTA EUGENIA"
"16013110"|"ES30"|"160102"|"ALCALA DE GUADAIRA"
"16013210"|"ES30"|"160109"|"ENTREVIAS"
"16013310"|"ES30"|"160107"|"CAMPO DE LA PALOMA"
"16013510"|"ES30"|"160117"|"VANDEL-PAVONES"
"16013710"|"ES30"|"160101"|"ADELFAS"
"16013810"|"ES30"|"160127"|"VALDEBERNARDO"
"16013910"|"ES30"|"160128"|"VICALVARO - ARTILLEROS"
"16014010"|"ES30"|"160129"|"VICALVARO - VILLABLANCA-VALDERRIBAS"
"16014110"|"ES30"|"160104"|"ARGANDA DEL REY-FELICIDAD"
"16014210"|"ES30"|"160108"|"ENSANCHE VALLECAS"
"16021110"|"ES30"|"160206"|"DOCTOR TAMAMES"
"16021210"|"ES30"|"160216"|"VALLEGUADO-COSLADA-JAIME VERA"
"16021310"|"ES30"|"160216"|"VALLEGUADO-COSLADA-JAIME VERA"
"16021410"|"ES30"|"160204"|"CIUDAD SAN PABLO"
"16021510"|"ES30"|"160209"|"LOS ALPERCHINES"
"16021610"|"ES30"|"160214"|"SAN FERNANDO"
"16021710"|"ES30"|"160210"|"MEJORADA DEL CAMPO"
"16021810"|"ES30"|"160201"|"BARRIO DEL PUERTO"
"16022310"|"ES30"|"160202"|"BAVIERA"
"16022410"|"ES30"|"160208"|"GOYA-LONDRES-MONTESA"
"16022510"|"ES30"|"160208"|"GOYA-LONDRES-MONTESA"
"16022610"|"ES30"|"160207"|"CASTELLON-GENERAL ORAA"
"16022710"|"ES30"|"160207"|"CASTELLON-GENERAL ORAA"
"16022810"|"ES30"|"160208"|"GOYA-LONDRES-MONTESA"
"16023110"|"ES30"|"160215"|"SEGRE-POTOSI"
"16023210"|"ES30"|"160213"|"PROSPERIDAD"
"16023310"|"ES30"|"160213"|"PROSPERIDAD"
"16023410"|"ES30"|"160213"|"PROSPERIDAD"
"16023510"|"ES30"|"160215"|"SEGRE-POTOSI"
"16023610"|"ES30"|"160215"|"SEGRE-POTOSI"
"16023710"|"ES30"|"160211"|"NUNEZ MORGADO"
"16030110"|"ES30"|"160302"|"CARMEN CALZADO"
"16030210"|"ES30"|"160316"|"PUERTA DE MADRID"
"16030310"|"ES30"|"160315"|"NTRA. SRA. DEL PILAR"
"16030410"|"ES30"|"160310"|"LUIS VIVES"
"16030510"|"ES30"|"160311"|"MANUEL MERINO"
"16030710"|"ES30"|"160319"|"VIRGEN DEL VAL-JUAN DE AUSTRIA"
"16030810"|"ES30"|"160312"|"MARIA DE GUZMAN"
"16030910"|"ES30"|"160314"|"REYES MAGOS-GARENA-MIGUEL DE CERVANTES"
"16031010"|"ES30"|"160313"|"MECO"
"16031110"|"ES30"|"160318"|"TORRES DE LA ALAMEDA"
"16031210"|"ES30"|"160308"|"LAS FRONTERAS"
"16031310"|"ES30"|"160307"|"LA VEREDILLA"
"16031410"|"ES30"|"160303"|"EL JUNCAL"
"16031510"|"ES30"|"160301"|"LOSFRESNOS-BRUJULA"
"16031610"|"ES30"|"160306"|"LA PLATA"
"16032110"|"ES30"|"160314"|"REYES MAGOS-GARENA-MIGUEL DE CERVANTES"
"16032210"|"ES30"|"160301"|"LOSFRESNOS-BRUJULA"
"16032310"|"ES30"|"160314"|"REYES MAGOS-GARENA-MIGUEL DE CERVANTES"
"16040110"|"ES30"|"160408"|"DAROCA-LAELIPA"
"16040310"|"ES30"|"160409"|"DR. CIRAJAS"
"16040410"|"ES30"|"160420"|"SIMANCAS-GANDHI"
"16040510"|"ES30"|"160410"|"ESTRECHO DE COREA"
"16040710"|"ES30"|"160406"|"CANAL DE PANAMA"
"16040810"|"ES30"|"160421"|"VICENTE MUZAS"
"16040910"|"ES30"|"160403"|"AQUITANIA"
"16041210"|"ES30"|"160407"|"CANILLEJAS"
"16041310"|"ES30"|"160417"|"REJAS"
"16041410"|"ES30"|"160402"|"ALPES"
"16041510"|"ES30"|"160419"|"SILVANO"
"16041710"|"ES30"|"160405"|"BENITA DE AVILA"
"16041810"|"ES30"|"160414"|"MAR BALTICO"
"16042010"|"ES30"|"160415"|"MONOVAR"
"16042110"|"ES30"|"160404"|"BARAJAS"
"16042210"|"ES30"|"160401"|"ALAMEDA DE OSUNA"
"16042510"|"ES30"|"160422"|"SANCHINARRO-VIRGEN DEL CORTIJO-LAS TABLAS"
"16042710"|"ES30"|"160413"|"JAZMIN"
"16042910"|"ES30"|"160416"|"QUINTA DE LOS MOLINOS"
"16043210"|"ES30"|"160412"|"GARCIA NOBLEJAS"
"16043410"|"ES30"|"161116"|"GENERAL RICARDOS-OPANEL-SANISIDRO"
"16051210"|"ES30"|"160512"|"GENERAL MOSCARDO-INFANTA MERCEDES"
"16051310"|"ES30"|"160504"|"BUSTARVIEJO"
"16051410"|"ES30"|"160705"|"CEA BERMUDEZ-REINA VICTORIA"
"16051510"|"ES30"|"160534"|"VILLAAMIL"
"16051610"|"ES30"|"160533"|"VALDEACEDERAS"
"16051710"|"ES30"|"160515"|"LA VENTILLA"
"16052010"|"ES30"|"160509"|"EL PARDO"
"16052110"|"ES30"|"160511"|"FUENCARRAL-MONTECARMELO-MIRASIERRA-FUENTERREINA"
"16052210"|"ES30"|"160535"|"VIRGEN DE BEGONA"
"16052310"|"ES30"|"160505"|"CIUDAD DE LOS PERIODISTAS"
"16052410"|"ES30"|"160523"|"PILAR"
"16052810"|"ES30"|"160522"|"PENAGRANDE-MONFORTE DE LEMOS"
"16052910"|"ES30"|"160511"|"FUENCARRAL-MONTECARMELO-MIRASIERRA-FUENTERREINA"
"16053010"|"ES30"|"160511"|"FUENCARRAL-MONTECARMELO-MIRASIERRA-FUENTERREINA"
"16053110"|"ES30"|"160501"|"ALCOBENDAS-CHOPERA"
"16053310"|"ES30"|"160518"|"MIRAFLORES-LA MORALEJA"
"16053410"|"ES30"|"160517"|"MARQUES DE LA VALDAVIA-VALDELASFUENTES"
"16053510"|"ES30"|"160518"|"MIRAFLORES-LA MORALEJA"
"16053610"|"ES30"|"160517"|"MARQUES DE LA VALDAVIA-VALDELASFUENTES"
"16054110"|"ES30"|"160532"|"V CENTENARIO"
"16054210"|"ES30"|"160526"|"REYES CATOLICOS"
"16054310"|"ES30"|"160527"|"ROSA LUXEMBURGO"
"16055110"|"ES30"|"160506"|"COLMENAR VIEJO NORTE-SUR"
"16055510"|"ES30"|"160528"|"SECTOR EMBARCACIONES-OFICIOS"
"16055610"|"ES30"|"160506"|"COLMENAR VIEJO NORTE-SUR"
"16055710"|"ES30"|"160528"|"SECTOR EMBARCACIONES-OFICIOS"
"16056110"|"ES30"|"160502"|"ALGETE-ELMOLAR"
"16056210"|"ES30"|"160521"|"PARACUELLOS DEL JARAMA"
"16056310"|"ES30"|"160516"|"MANZANARES EL REAL"
"16056410"|"ES30"|"160502"|"ALGETE-ELMOLAR"
"16056510"|"ES30"|"160514"|"LA CABRERA"
"16056610"|"ES30"|"160531"|"TORRELAGUNA"
"16056710"|"ES30"|"160503"|"BUITRAGO DE LOZOYA"
"16056810"|"ES30"|"160524"|"RASCAFRIA"
"16056910"|"ES30"|"160530"|"SOTO DEL REAL"
"16061110"|"ES30"|"160603"|"BOADILLA DEL MONTE"
"16061210"|"ES30"|"160616"|"POZUELOS-SAN JUAN DE LA CRUZ"
"16061310"|"ES30"|"160622"|"VILLANUEVA DE LA CANADA"
"16061410"|"ES30"|"160621"|"MAJADAHONDA-VALLE OLIVA"
"16061510"|"ES30"|"160610"|"LAS ROZAS-MONTERROZAS"
"16061610"|"ES30"|"160610"|"LAS ROZAS-MONTERROZAS"
"16061710"|"ES30"|"160616"|"POZUELOS-SAN JUAN DE LA CRUZ"
"16061910"|"ES30"|"160616"|"POZUELOS-SAN JUAN DE LA CRUZ"
"16062010"|"ES30"|"160621"|"MAJADAHONDA-VALLE OLIVA"
"16062110"|"ES30"|"160619"|"TORRELODONES"
"16062210"|"ES30"|"160608"|"GALAPAGAR"
"16062310"|"ES30"|"160617"|"SAN LORENZO DE EL ESCORIAL"
"16062410"|"ES30"|"160618"|"COLLADO VILLALBA-SIERRA GUADARRAMA"
"16062510"|"ES30"|"160609"|"GUADARRAMA"
"16062610"|"ES30"|"160605"|"CERCEDILLA"
"16062710"|"ES30"|"160615"|"ROBLEDO DE CHAVELA"
"16062810"|"ES30"|"160618"|"COLLADO VILLALBA-SIERRA GUADARRAMA"
"16062910"|"ES30"|"160618"|"COLLADO VILLALBA-SIERRA GUADARRAMA"
"16063110"|"ES30"|"160620"|"VALDEZARZA"
"16063210"|"ES30"|"160601"|"ARAVACA"
"16063310"|"ES30"|"160604"|"CASA DE CAMPO"
"16063410"|"ES30"|"160602"|"ARGUELLES"
"16063510"|"ES30"|"160602"|"ARGUELLES"
"16063610"|"ES30"|"160620"|"VALDEZARZA"
"16063710"|"ES30"|"160620"|"VALDEZARZA"
"16070110"|"ES30"|"160702"|"ANDRES MELLADO"
"16070210"|"ES30"|"160705"|"CEA BERMUDEZ-REINA VICTORIA"
"16070310"|"ES30"|"160710"|"GUZMAN EL BUENO"
"16070410"|"ES30"|"160708"|"ESPRONCEDA"
"16070610"|"ES30"|"160707"|"ELOY GONZALO"
"16071110"|"ES30"|"160718"|"PALMA UNIVERSIDAD"
"16071210"|"ES30"|"160711"|"JUSTICIA"
"16071310"|"ES30"|"160706"|"CORTES"
"16071410"|"ES30"|"160720"|"SEGOVIA"
"16071510"|"ES30"|"160713"|"LAVAPIES"
"16071610"|"ES30"|"160701"|"ALAMEDA"
"16072110"|"ES30"|"160704"|"CARAMUEL"
"16072210"|"ES30"|"160716"|"PUERTA DEL ANGEL-LUCERO"
"16072410"|"ES30"|"160716"|"PUERTA DEL ANGEL-LUCERO"
"16072610"|"ES30"|"160717"|"MAQUEDA"
"16072710"|"ES30"|"160715"|"LOS YEBENES"
"16072810"|"ES30"|"160714"|"LOS CARMENES"
"16073110"|"ES30"|"160703"|"CAMPAMENTO"
"16073210"|"ES30"|"160712"|"LAS AGUILAS"
"16073410"|"ES30"|"160721"|"VALLE INCLAN"
"16073610"|"ES30"|"160709"|"GENERAL FANJUL"
"16080110"|"ES30"|"160812"|"LA RIBOTA-MIGUEL SERVET"
"16080210"|"ES30"|"160819"|"RAMON Y CAJAL"
"16080310"|"ES30"|"160813"|"LOS CASTILLOS"
"16080410"|"ES30"|"160805"|"LAIN ENTRALGO-TRUETA"
"16080510"|"ES30"|"160810"|"GREGORIO MARANON"
"16080610"|"ES30"|"160812"|"LA RIBOTA-MIGUEL SERVET"
"16081110"|"ES30"|"160805"|"LAIN ENTRALGO-TRUETA"
"16082010"|"ES30"|"160808"|"EL SOTO"
"16082110"|"ES30"|"160818"|"PRESENTACION SABIO"
"16082210"|"ES30"|"160811"|"LA PRINCESA"
"16082310"|"ES30"|"160802"|"BARCELONA"
"16082410"|"ES30"|"160809"|"FELIPE II"
"16082510"|"ES30"|"160806"|"DOCTOR LUENGO RODRIGUEZ"
"16082610"|"ES30"|"160804"|"DOS DE MAYO"
"16082710"|"ES30"|"160801"|"ALCALDE BARTOLOME GONZALEZ"
"16082810"|"ES30"|"160822"|"VILLAVICIOSA DE ODON"
"16082910"|"ES30"|"160817"|"ARROYOMOLINOS-PARQUE COIMBRA"
"16084610"|"ES30"|"160815"|"NAVALCARNERO"
"16084710"|"ES30"|"160821"|"VILLA DEL PRADO"
"16084810"|"ES30"|"160803"|"CADALSO DE LOS VIDRIOS"
"16084910"|"ES30"|"160820"|"SAN MARTIN DE VALDEIGLESIAS-NAVAS DEL REY"
"16085010"|"ES30"|"160820"|"SAN MARTIN DE VALDEIGLESIAS-NAVAS DEL REY"
"16090110"|"ES30"|"160903"|"CUZCO"
"16090210"|"ES30"|"160901"|"ALICANTE"
"16090310"|"ES30"|"160902"|"CASTILLA LA NUEVA"
"16090410"|"ES30"|"160904"|"EL NARANJO"
"16090510"|"ES30"|"160916"|"PANADERAS"
"16090610"|"ES30"|"160906"|"FRANCIA"
"16090710"|"ES30"|"160908"|"HUMANES DE MADRID"
"16090810"|"ES30"|"160907"|"HUERTA DE LOS FRAILES"
"16090910"|"ES30"|"160914"|"MARIA JESUS HEREZA"
"16091010"|"ES30"|"160918"|"PIZARRO-PALOMARES"
"16091110"|"ES30"|"160910"|"LOS PEDROCHES"
"16091210"|"ES30"|"160905"|"EUROPA"
"16091310"|"ES30"|"160912"|"MARIA MONTESSORI"
"16091410"|"ES30"|"160911"|"MARIA CURIE"
"16091510"|"ES30"|"160913"|"MENDIGUCHIA CARRICHE"
"16092110"|"ES30"|"160917"|"PARQUE LORANCA"
"16092210"|"ES30"|"160909"|"LEGANES NORTE"
"16100110"|"ES30"|"161003"|"GRINON"
"16101110"|"ES30"|"161011"|"PINTORES"
"16101210"|"ES30"|"161006"|"LAS AMERICAS-ISABEL II"
"16101310"|"ES30"|"161012"|"SAN BLAS"
"16101510"|"ES30"|"161006"|"LAS AMERICAS-ISABEL II"
"16102110"|"ES30"|"161010"|"PINTO-PARQUEEUROPA"
"16102210"|"ES30"|"161010"|"PINTO-PARQUEEUROPA"
"16103110"|"ES30"|"161005"|"JUAN DE LA CIERVA"
"16103210"|"ES30"|"161008"|"LAS MARGARITAS-GETAFE NORTE"
"16103310"|"ES30"|"161001"|"EL GRECO"
"16103410"|"ES30"|"161007"|"LAS CIUDADES"
"16103510"|"ES30"|"161013"|"SECTOR III"
"16103610"|"ES30"|"160919"|"EL BERCIAL"
"16104010"|"ES30"|"161014"|"SANCHEZ MORATE"
"16104210"|"ES30"|"161008"|"LAS MARGARITAS-GETAFE NORTE"
"16110210"|"ES30"|"161136"|"VISTA ALEGRE"
"16110310"|"ES30"|"161117"|"BUENAVISTA-GUAYABA-CARABANCHEL ALTO"
"16110510"|"ES30"|"161129"|"PUERTA BONITA"
"16110610"|"ES30"|"161101"|"ABRANTES"
"16110710"|"ES30"|"161117"|"BUENAVISTA-GUAYABA-CARABANCHEL ALTO"
"16111010"|"ES30"|"161114"|"VALDEMORO-ELRESTON"
"16111110"|"ES30"|"161114"|"VALDEMORO-ELRESTON"
"16111210"|"ES30"|"161110"|"CIEMPOZUELOS"
"16111310"|"ES30"|"161111"|"COLMENAR DE OREJA"
"16111410"|"ES30"|"161106"|"ARANJUEZ"
"16111510"|"ES30"|"161120"|"LAS OLIVAS"
"16111610"|"ES30"|"161134"|"SAN MARTIN DE LA VEGA"
"16112110"|"ES30"|"161102"|"ACACIAS-IMPERIAL-ANTONIO LEYVA"
"16112210"|"ES30"|"161124"|"MARTIN DE VARGAS"
"16112310"|"ES30"|"161109"|"CHOPERA-LEGAZPI"
"16112410"|"ES30"|"161115"|"EMBAJADORES-DELICIAS"
"16112510"|"ES30"|"161109"|"CHOPERA-LEGAZPI"
"16112610"|"ES30"|"161109"|"CHOPERA-LEGAZPI"
"16112810"|"ES30"|"161102"|"ACACIAS-IMPERIAL-ANTONIO LEYVA"
"16113210"|"ES30"|"161122"|"LOS ANGELES"
"16113310"|"ES30"|"161103"|"ALCOCER"
"16113410"|"ES30"|"161130"|"SAN ANDRES"
"16113510"|"ES30"|"161108"|"BUTARQUE-LOS ROSALES"
"16113610"|"ES30"|"161131"|"SAN CRISTOBAL"
"16113810"|"ES30"|"161113"|"EL ESPINILLO"
"16114110"|"ES30"|"161116"|"GENERAL RICARDOS-OPANEL-SANISIDRO"
"16114310"|"ES30"|"161116"|"GENERAL RICARDOS-OPANEL-SANISIDRO"
"16114510"|"ES30"|"161112"|"COMILLAS"
"16115110"|"ES30"|"161119"|"LAS CALESAS"
"16115210"|"ES30"|"161104"|"ALMENDRALES"
"16115310"|"ES30"|"161137"|"ZOFIO"
"16115510"|"ES30"|"161126"|"ORCASITAS"
"16115610"|"ES30"|"161132"|"SAN FERMIN"
"16115910"|"ES30"|"161127"|"ORCASUR"
"16116010"|"ES30"|"161128"|"PERALES DEL RIO"
"16116110"|"ES30"|"161115"|"EMBAJADORES-DELICIAS"
"140103"|"ES53"|"100102"|"SANTA PONSA"
"140106"|"ES53"|"100105"|"SON SERRA-LA VILETA-VALLDARGENT"
"140107"|"ES53"|"100509"|"COLL DEN RABASSA"
"140115"|"ES53"|"100503"|"PONT DE INCA"
"140118"|"ES53"|"100604"|"POLLENSA"
"140120"|"ES53"|"100516"|"RAFAL NOU-SON GOTLEU-SON RUTLAN"
"140123"|"ES53"|"100111"|"SESCORXADOR"
"140127"|"ES53"|"100506"|"SOLLER-SERRA NORD"
"140130"|"ES53"|"100516"|"RAFAL NOU-SON GOTLEU-SON RUTLAN"
"140132"|"ES53"|"100105"|"SON SERRA-LA VILETA-VALLDARGENT"
"140141"|"ES53"|"100505"|"MUNTANYA-SANTA MARIA DEL CAMI"
"140142"|"ES53"|"100505"|"MUNTANYA-SANTA MARIA DEL CAMI"
"140146"|"ES53"|"100516"|"RAFAL NOU-SON GOTLEU-SON RUTLAN"
"140302"|"ES53"|"100302"|"EIXAMPLE-ES VIVER"
"140303"|"ES53"|"100307"|"SANT ANTONI-SANT JOSEP DE SA TALIA"
"140304"|"ES53"|"100305"|"SANTA EULARIA"
"140305"|"ES53"|"100302"|"EIXAMPLE-ES VIVER"
"140308"|"ES53"|"100307"|"SANT ANTONI-SANT JOSEP DE SA TALIA"
"140101"|"ES53"|"100106"|"ARQUITECTE BENNASSAR"
"140102"|"ES53"|"100504"|"ES RAIGUER"
"140104"|"ES53"|"100107"|"CAMP REDO"
"140105"|"ES53"|"100402"|"XALOC"
"140108"|"ES53"|"100510"|"POLIGON DE LLEVANT"
"140109"|"ES53"|"100511"|"ESCOLA GRADUADA"
"140110"|"ES53"|"100103"|"TRAMUNTANA"
"140111"|"ES53"|"100404"|"FELANITX"
"140112"|"ES53"|"100602"|"ES BLANQUER"
"140113"|"ES53"|"100501"|"MIGJORN"
"140114"|"ES53"|"100405"|"SA TORRE"
"140116"|"ES53"|"100603"|"MARINES"
"140117"|"ES53"|"100512"|"PERE GARAU"
"140119"|"ES53"|"100108"|"CASA DEL MAR"
"140121"|"ES53"|"100508"|"PLATJA DE PALMA"
"140122"|"ES53"|"100605"|"TORRENT DE SANT MIQUEL"
"140124"|"ES53"|"100110"|"SANTA CATALINA"
"140125"|"ES53"|"100407"|"SANTANYI"
"140126"|"ES53"|"100606"|"ES PLA"
"140128"|"ES53"|"100112"|"SON CLADERA"
"140129"|"ES53"|"100514"|"SON FERRIOL"
"140131"|"ES53"|"100113"|"SON PISA"
"140133"|"ES53"|"100408"|"LLEVANT"
"140134"|"ES53"|"100409"|"SES ROQUES LLISES"
"140136"|"ES53"|"100101"|"PONENT"
"140137"|"ES53"|"100401"|"NUREDDUNA"
"140138"|"ES53"|"100601"|"SAFRA"
"140139"|"ES53"|"100507"|"TRENCADORS"
"140140"|"ES53"|"100403"|"CAPDEPERA"
"140143"|"ES53"|"100109"|"SANT AGUSTI"
"140144"|"ES53"|"100406"|"PORTO CRISTO"
"140145"|"ES53"|"100104"|"NA BURGUESA"
"140201"|"ES53"|"100203"|"ALAIOR"
"140202"|"ES53"|"100201"|"CIUTADELLA"
"140203"|"ES53"|"100202"|"DALT SANT JOAN"
"140204"|"ES53"|"100204"|"FERRERIES"
"140205"|"ES53"|"100205"|"VERGE DEL TORO"
"140301"|"ES53"|"100303"|"FORMENTERA"
"140306"|"ES53"|"100306"|"VILA"
"140307"|"ES53"|"100304"|"SANT JORDI DE SES SALINES"
